n_agents,p_rewiring,uncertainty,n_experiments,rewiring_type,mean_degree,avg_clustering,degree_variance,density,avg_short_path_lenght,true_consensus,convergence_step,agent_type
3519,0.5457416336031825,0.0071846526107287,1886,randomize,4.346121057118499,0.014229606901438,65.54077863029269,0.0006176977056734,0,0.7479397556123899,31,beta
3519,0.8330727370323351,0.022253169088028473,7641,randomize,4.345552713839159,0.0016110441313018434,29.383915885194657,0.0006176169291982886,0,0.914180164819551,13,beta
3519,0.4633199935226592,0.007826152961871793,5538,randomize,4.344984370559819,0.01696875201684105,83.33674339300937,0.0006175361527231123,0,0.7527706734867861,15,beta
3519,0.35363641776590493,0.022825073029929942,2538,randomize,4.345552713839159,0.040286666539514245,106.37567490764421,0.0006176169291982886,0,0.7306052855924978,21,beta
3519,0.4504480416455615,0.009405702842058931,1518,randomize,4.345552713839159,0.019217611511518278,84.86274509803921,0.0006176169291982886,0,0.6945154873543621,25,beta
3519,0.7396751591980776,0.01584335976045047,3289,randomize,4.346121057118499,0.003301625684981742,40.00056834327934,0.0006176977056734649,0,0.8752486501847115,20,beta
3519,0.793750383783716,0.02251865999457645,1678,randomize,4.345552713839159,0.0013707823394173636,31.774936061381073,0.0006176169291982886,0,0.8982665529980108,25,beta
3519,0.15725575151395332,0.002629196217817072,4148,randomize,4.346121057118499,0.0919714982526191,170.24666098323388,0.0006176977056734649,0,0.3438476840011367,19,beta
3519,0.04079566392597056,0.0033053910788157746,1457,randomize,4.346121057118499,0.15320723748752357,214.75987496447854,0.0006176977056734649,0,0.24751349815288434,31,beta
3519,0.9296538108361926,0.01555941498297812,3041,randomize,4.346689400397841,0.0005897740445907539,24.116510372264848,0.0006177784821486414,0,0.9227053140096618,19,beta
3519,0.003206212870912384,0.0019369626576355775,9205,randomize,4.346689400397841,0.17857591541151915,227.0036942313157,0.0006177784821486414,0,0.2841716396703609,17,beta
3519,0.18152818680715888,0.008312341875610314,7135,randomize,4.346689400397841,0.0858010889925867,159.3231031543052,0.0006177784821486414,0,0.625177607274794,15,beta
3519,0.2517549120677218,0.021014034939113187,3159,randomize,4.346121057118499,0.05851206519549758,137.09633418584826,0.0006176977056734649,0,0.6786018755328218,23,beta
3519,0.5913087155838201,0.019273344861291657,1538,randomize,4.346689400397841,0.009896930043555798,55.593634555271386,0.0006177784821486414,0,0.8300653594771242,27,beta
3519,0.42625504316896856,0.006197629393018844,5162,randomize,4.346121057118499,0.021690426370144168,93.85166240409207,0.0006176977056734649,0,0.6743393009377664,17,beta
3519,0.6479209936657081,0.019505810865010725,2611,randomize,4.345552713839159,0.0063675769874394095,49.37880079568059,0.0006176169291982886,0,0.8599033816425121,19,beta
3519,0.40459367901711873,0.00635107034636912,9760,randomize,4.344984370559819,0.030169863058316877,96.1409491332765,0.0006175361527231123,0,0.7084398976982097,13,beta
3519,0.8646840071143527,0.01855623548639937,6419,randomize,4.346689400397841,0.0011116891886190103,27.425404944586532,0.0006177784821486414,0,0.9175902244955954,14,beta
3519,0.6120437816036933,0.02486224720495629,5117,randomize,4.346689400397841,0.009124282905629515,53.631145211707874,0.0006177784821486414,0,0.8411480534242682,16,beta
3519,0.67098274789669,0.019858160077152295,4098,randomize,4.346121057118499,0.004816736341372781,47.30264279624893,0.0006176977056734649,0,0.8695652173913043,16,beta
3519,0.1478624881395576,0.020606971859552202,6784,randomize,4.346689400397841,0.09337111695295164,173.7306052855925,0.0006177784821486414,0,0.6203466894003978,14,beta
3519,0.814540097549998,0.022116327147115568,9399,randomize,4.346689400397841,0.001454556962628209,31.028701335606705,0.0006177784821486414,0,0.9056550156294402,12,beta
3519,0.26486938786799274,0.0077646061370511155,7895,randomize,4.345552713839159,0.05594924487300432,130.11139528275078,0.0006176169291982886,0,0.658994032395567,15,beta
3519,0.7400206331960891,0.016284732417518977,238,randomize,4.346689400397841,0.0025724721419168144,35.908496732026144,0.0006177784821486414,0,0.8155726058539358,62,beta
3519,0.02603774318053853,0.021221550500980933,6323,randomize,4.346689400397841,0.16069535778719113,215.8726911054277,0.0006177784821486414,0,0.5555555555555556,16,beta
3519,0.5938546665880633,0.015503392765467753,4388,randomize,4.346689400397841,0.0074404631893939515,57.2003410059676,0.0006177784821486414,0,0.8400113668655869,16,beta
3519,0.699224223014838,0.0017842963033325354,1113,randomize,4.346689400397841,0.0044508967247030564,42.03182722364308,0.0006177784821486414,0,0.6663824950269963,144,beta
3519,0.5733069762402594,0.001963339405714727,9238,randomize,4.345552713839159,0.00934729708339259,58.050014208581985,0.0006176169291982886,0,0.6643932935493038,23,beta
3519,0.12339104569280834,0.009372559065379354,3187,randomize,4.346689400397841,0.10137721309758577,175.90963341858483,0.0006177784821486414,0,0.5387894288150042,22,beta
3519,0.41237986914411306,0.008180310420265444,8121,randomize,4.345552713839159,0.022828668952073417,93.68229610684854,0.0006176169291982886,0,0.748792270531401,13,beta
3519,0.3388885287607356,0.01670564453731948,4545,randomize,4.345552713839159,0.03694068439593948,110.34555271383915,0.0006176169291982886,0,0.7442455242966752,17,beta
3519,0.6984046353185854,0.017020693951686233,5631,randomize,4.346121057118499,0.00467082113671124,41.52259164535379,0.0006176977056734649,0,0.8917306052855924,16,beta
3519,0.8035940446917355,0.0016561866662753218,1151,randomize,4.346121057118499,0.0019067896798979544,30.908780903665814,0.0006176977056734649,0,0.7127024722932651,159,beta
3519,0.7957339376100254,0.011372026943019836,5766,randomize,4.346689400397841,0.0018748549088170498,31.736857061665244,0.0006177784821486414,0,0.8914464336459221,15,beta
3519,0.5448402873215825,0.005097421788885579,2830,randomize,4.345552713839159,0.01132652114659833,65.41574310883775,0.0006176169291982886,0,0.7377095765842568,26,beta
3519,0.9123352266910694,0.02428181907190266,8494,randomize,4.346689400397841,0.0008316729385342241,24.652458084683147,0.0006177784821486414,0,0.9272520602443876,12,beta
3519,0.8832476197155068,0.024007395437514473,4571,randomize,4.346121057118499,0.0005725200757597242,25.7487922705314,0.0006176977056734649,0,0.9266837169650469,16,beta
3519,0.6734416480553447,0.021612942117745355,5141,randomize,4.346689400397841,0.004719358566354897,44.92924126172208,0.0006177784821486414,0,0.8786587098607559,15,beta
3519,0.8743407630242833,0.014238567326196903,6296,randomize,4.346689400397841,0.0009605453603093099,26.475703324808183,0.0006177784821486414,0,0.9221369707303211,13,beta
3519,0.3414070115237209,0.006046651118819908,4712,randomize,4.346689400397841,0.03752136344050506,111.93464052287581,0.0006177784821486414,0,0.6297243535095197,18,beta
3519,0.6916826014892921,0.009031638971344628,8712,randomize,4.345552713839159,0.003970670154493496,40.853651605569766,0.0006176169291982886,0,0.8809320829781188,12,beta
3519,0.955509798874892,0.007541743897685828,1047,randomize,4.346689400397841,0.0005099302200751476,23.51918158567775,0.0006177784821486414,0,0.8897414038079,34,beta
3519,0.7982527652516903,0.00658447044027054,5144,randomize,4.345552713839159,0.002110112498671301,32.09889173060529,0.0006176169291982886,0,0.880363739698778,14,beta
3519,0.8540770115432373,0.021509616365951577,4253,randomize,4.345552713839159,0.0012487924625947074,28.88832054560955,0.0006176169291982886,0,0.9263995453253765,16,beta
3519,0.8595719737562516,0.013663419145295713,7358,randomize,4.346689400397841,0.0016023468437404063,26.73088945723217,0.0006177784821486414,0,0.9153168513782325,12,beta
3519,0.14543843825718783,0.005622354247422793,180,randomize,4.345552713839159,0.09677791890053855,169.89883489627735,0.0006176169291982886,0,0.2361466325660699,86,beta
3519,0.5082243127251886,0.001274300848917772,3052,randomize,4.346121057118499,0.011308287005116357,69.29013924410344,0.0006176977056734649,0,0.43762432509235577,55,beta
3519,0.9407321172106714,0.023708387322080974,7647,randomize,4.346689400397841,0.0004737517644342779,23.911338448422846,0.0006177784821486414,0,0.9306621199204319,11,beta
3519,0.178995578752438,0.019029689925006504,5552,randomize,4.346689400397841,0.09131556891173469,160.85649332196647,0.0006177784821486414,0,0.6538789428815004,16,beta
3519,0.19906885850254663,0.004272978887969949,7507,randomize,4.346121057118499,0.07906636504213647,154.16709292412617,0.0006176977056734649,0,0.533105996021597,17,beta
3519,0.41538199549754884,0.0026320599463661443,3905,randomize,4.346121057118499,0.030118865613803406,94.29553850525717,0.0006176977056734649,0,0.5350951974992896,30,beta
3519,0.4823093652458732,0.018681694175516423,3941,randomize,4.346121057118499,0.017623607026386604,76.51889741403808,0.0006176977056734649,0,0.8073316283034954,19,beta
3519,0.09987572595581451,0.023577294597551597,1673,randomize,4.345552713839159,0.12153161725464642,187.07757885763002,0.0006176169291982886,0,0.6069906223358909,29,beta
3519,0.6633992538124459,0.011209228451298594,3018,randomize,4.345552713839159,0.005780036189029563,46.75532821824382,0.0006176169291982886,0,0.8437055981813015,19,beta
3519,0.018700574225662403,0.003203407118596671,5753,randomize,4.346689400397841,0.16998406801462046,220.6098323387326,0.0006177784821486414,0,0.32679738562091504,15,beta
3519,0.019934870321900666,0.011290384800343636,4188,randomize,4.346689400397841,0.16766114148376784,218.72065927820404,0.0006177784821486414,0,0.5163398692810458,18,beta
3519,0.5037868383429339,0.0018379928146228038,7093,randomize,4.346689400397841,0.014449196480071863,73.11054276783177,0.0006177784821486414,0,0.6129582267689685,38,beta
3519,0.37139638157615906,0.013841446130017532,3803,randomize,4.346689400397841,0.032785338746963044,100.62915601023018,0.0006177784821486414,0,0.7419721511793123,19,beta
3519,0.7386520195079488,0.020521379885173795,4061,randomize,4.346689400397841,0.0026415784170626126,37.89826655299801,0.0006177784821486414,0,0.8894572321682296,17,beta
3519,0.4415071420781501,0.00204982504956761,2284,randomize,4.346689400397841,0.019439053590508664,85.36857061665246,0.0006177784821486414,0,0.4990053992611537,70,beta
3519,0.5443392377885651,0.0063583646224961475,2501,randomize,4.346121057118499,0.014040338757284332,65.24012503552146,0.0006176977056734649,0,0.7439613526570048,27,beta
3519,0.9725712107736575,0.005090482079152067,759,randomize,4.346689400397841,0.0005510797497157258,23.426541631145213,0.0006177784821486414,0,0.8698493890309748,60,beta
3519,0.34370094869098355,0.01620363996810601,2043,randomize,4.344984370559819,0.036933193820387164,110.28076157999432,0.0006175361527231123,0,0.7192384200056834,26,beta
3519,0.25549415352201055,0.013453879868205978,3587,randomize,4.345552713839159,0.059775212720924925,134.18641659562377,0.0006176169291982886,0,0.6714975845410628,17,beta
3519,0.525042954614516,0.020013962138401113,9894,randomize,4.346121057118499,0.016115500375312227,69.44018186984938,0.0006176977056734649,0,0.8258027848820688,12,beta
3519,0.7139984744228993,0.004292113756304394,8877,randomize,4.346121057118499,0.005484578602705029,39.04688832054561,0.0006176977056734649,0,0.8519465757317419,17,beta
3519,0.2757370291457475,0.014783805062247787,7217,randomize,4.346689400397841,0.060696002108173365,131.21909633418585,0.0006177784821486414,0,0.703893151463484,13,beta
3519,0.864327618097145,0.014045177071622002,7134,randomize,4.346689400397841,0.0013709915766442835,27.390167661267405,0.0006177784821486414,0,0.9175902244955954,13,beta
3519,0.2706971601081378,0.02155493000408993,9694,randomize,4.346689400397841,0.047937164001712156,130.15572605853936,0.0006177784821486414,0,0.6888320545609549,14,beta
3519,0.29926527810428105,0.020642985474205507,9693,randomize,4.345552713839159,0.04346532744382647,125.38675760159136,0.0006176169291982886,0,0.711849957374254,12,beta
3519,0.6210918750404499,0.014884427586891819,5189,randomize,4.346121057118499,0.00932464440375696,55.67433930093777,0.0006176977056734649,0,0.855924978687127,16,beta
3519,0.8125938233402232,0.0030950500397728077,4258,randomize,4.346689400397841,0.0016436305972882823,29.832907075873827,0.0006177784821486414,0,0.8351804489911907,33,beta
3519,0.4464732287312059,0.011012651636418413,7099,randomize,4.346689400397841,0.020247679856270566,82.60812730889457,0.0006177784821486414,0,0.7888604717249219,14,beta
3519,0.4365646593117354,0.019879456766521673,5654,randomize,4.346689400397841,0.023007515482132358,86.09718670076727,0.0006177784821486414,0,0.7783461210571185,15,beta
3519,0.2773725998855152,0.005718866935141294,4165,randomize,4.345552713839159,0.05301178504101426,134.04830917874395,0.0006176169291982886,0,0.5834043762432509,17,beta
3519,0.6739614096306796,0.0021000146586744625,9614,randomize,4.344984370559819,0.005334971929740153,44.15743108837738,0.0006175361527231123,0,0.7647058823529411,34,beta
3519,0.2673478180315997,0.004216646269216149,2852,randomize,4.346121057118499,0.056414527564691376,134.81614094913328,0.0006176977056734649,0,0.49104859335038364,24,beta
3519,0.08722563951848672,0.00862316841637513,6866,randomize,4.346121057118499,0.1254970046681165,190.3796533105996,0.0006176977056734649,0,0.5498721227621484,15,beta
3519,0.5213044618571998,0.02389838774425707,7956,randomize,4.344984370559819,0.017543470279137132,69.36800227337312,0.0006175361527231123,0,0.824381926683717,15,beta
3519,0.4772754005261858,0.02392938381589738,1358,randomize,4.346121057118499,0.020232250692875913,81.22648479681727,0.0006176977056734649,0,0.7820403523728332,30,beta
3519,0.22219492733181345,0.0018249210206216012,4142,randomize,4.346689400397841,0.07487794541515627,148.1437908496732,0.0006177784821486414,0,0.33844842284739984,32,beta
3519,0.5829660109350356,0.001384408347591461,4596,randomize,4.345552713839159,0.009171927909227821,60.071611253196934,0.0006176169291982886,0,0.5902244955953396,49,beta
3519,0.06769070766450092,0.01863619286274059,1175,randomize,4.346689400397841,0.13597668858067422,200.72520602443876,0.0006177784821486414,0,0.5436203466894004,31,beta
3519,0.7396742583805023,0.02021924296668226,188,randomize,4.346121057118499,0.002964396675707746,39.149190110826936,0.0006176977056734649,0,0.8175618073316283,66,beta
3519,0.526538530166513,0.0030668267258753597,6165,randomize,4.346689400397841,0.012771345949339707,70.49673202614379,0.0006177784821486414,0,0.6911054276783177,24,beta
3519,0.3274036138375549,0.005214216932170232,6341,randomize,4.346689400397841,0.04202086354964238,118.9462915601023,0.0006177784821486414,0,0.6416595623756749,16,beta
3519,0.43878231743136675,0.018852765136713513,7404,randomize,4.345552713839159,0.021445680234248896,87.26172208013641,0.0006176169291982886,0,0.789712986643933,13,beta
3519,0.7632010692369031,0.023222564910081664,526,randomize,4.345552713839159,0.0021139174051714804,33.6050014208582,0.0006176169291982886,0,0.8644501278772379,40,beta
3519,0.8785819962756543,0.020956997376568205,1416,randomize,4.346689400397841,0.0005330577649754675,26.67803353225348,0.0006177784821486414,0,0.9104859335038363,24,beta
3519,0.6995769371970002,0.024004309356833575,9696,randomize,4.346121057118499,0.005156867871352193,41.3412901392441,0.0006176977056734649,0,0.8743961352657005,11,beta
3519,0.9555231724030929,0.02075300382053385,5347,randomize,4.346121057118499,0.0009236244636926644,23.773799374822392,0.0006176977056734649,0,0.9349246945154873,15,beta
3519,0.6296645911208876,0.005324060786868476,1028,randomize,4.346689400397841,0.00898390729522463,51.069622051719236,0.0006177784821486414,0,0.7240693378800795,65,beta
3519,0.428863774911438,0.006453358338191568,7623,randomize,4.346689400397841,0.024440023081015526,85.8437055981813,0.0006177784821486414,0,0.7300369423131572,15,beta
3519,0.19040744027295975,0.02181957419042381,6561,randomize,4.346121057118499,0.0714489267328597,160.18641659562377,0.0006176977056734649,0,0.6584256891162262,15,beta
3519,0.5391570340442793,0.014994866627719334,753,randomize,4.346121057118499,0.010998165964222501,65.359477124183,0.0006176977056734649,0,0.7547598749644785,38,beta
3519,0.4139124402974145,0.008866013859273096,559,randomize,4.345552713839159,0.02298913884124534,87.7152600170503,0.0006176169291982886,0,0.5981813015061097,48,beta
3519,0.6282743657593315,0.022525170624382845,9044,randomize,4.346121057118499,0.008198193198562234,54.69565217391305,0.0006176977056734649,0,0.8579141801648196,13,beta
3519,0.026775904270348705,0.011804745350805581,7226,randomize,4.346689400397841,0.14732993063164804,217.41176470588235,0.0006177784821486414,0,0.5487354362034669,16,beta
3519,0.8393323336401031,0.007192154609343995,6039,randomize,4.346689400397841,0.0011764215078323638,28.562091503267975,0.0006177784821486414,0,0.903949985791418,14,beta
3519,0.22640848654375267,0.012711533698803592,4539,randomize,4.346121057118499,0.05839994867868876,146.35464620630862,0.0006176977056734649,0,0.6439329354930378,19,beta
3519,0.0063653672711128095,0.005178815235389737,3495,randomize,4.346689400397841,0.17620373452378074,225.16624040920715,0.0006177784821486414,0,0.3654447286160841,19,beta
3519,0.6321732106666919,0.020453031677505205,4231,randomize,4.346121057118499,0.008303017795167112,53.428246660983234,0.0006176977056734649,0,0.8502415458937198,16,beta
3519,0.27888112411366595,0.01953132718362389,2901,randomize,4.346121057118499,0.055505979328408554,129.87666950838306,0.0006176977056734649,0,0.6939471440750213,20,beta
3519,0.31487529092967237,0.013470798811872756,9189,randomize,4.346121057118499,0.040697860735181335,119.5953395851094,0.0006176977056734649,0,0.7101449275362319,13,beta
3519,0.5327296183686999,0.00604565956153486,8722,randomize,4.346121057118499,0.01369635590332089,68.36203466894004,0.0006176977056734649,0,0.7644217107132708,12,beta
3519,0.09952083319144533,0.011359763833663813,1703,randomize,4.346689400397841,0.116446836513994,187.33105996021598,0.0006177784821486414,0,0.5115089514066496,28,beta
3519,0.7651283890347615,0.01115374446937251,8481,randomize,4.346689400397841,0.002382179117893392,33.0997442455243,0.0006177784821486414,0,0.8985507246376812,12,beta
3519,0.6012626908164701,0.007225864332611404,8383,randomize,4.346121057118499,0.0072478705827001486,52.768968456947995,0.0006176977056734649,0,0.8363171355498721,17,beta
3519,0.37902946885762234,0.017947990539709423,2776,randomize,4.346689400397841,0.03484540085231601,105.67433930093776,0.0006177784821486414,0,0.7652742256322819,20,beta
3519,0.5087418815173798,0.020099932368167726,8355,randomize,4.345552713839159,0.015993416549933706,71.14521170787155,0.0006176169291982886,0,0.8178459789712986,13,beta
3519,0.6914942833637284,0.002924002475211906,4061,randomize,4.346689400397841,0.004143748555611437,42.910485933503836,0.0006177784821486414,0,0.7661267405512929,26,beta
3519,0.3939839439442919,0.02238382538429532,6995,randomize,4.346121057118499,0.028358490209065827,98.17675475987497,0.0006176977056734649,0,0.7777777777777778,14,beta
3519,0.11640009108531912,0.0046417269033544924,6182,randomize,4.346121057118499,0.11432513996156204,180.36430804205742,0.0006176977056734649,0,0.47627166808752486,15,beta
3519,0.5506070057469945,0.005775928310084427,6791,randomize,4.346121057118499,0.009402094741250712,67.36516055697642,0.0006176977056734649,0,0.7868712702472294,17,beta
3519,0.35015570790246364,0.015089884499579855,1213,randomize,4.346689400397841,0.03631157579543252,112.22620062517761,0.0006177784821486414,0,0.6786018755328218,32,beta
3519,0.03414527619578356,0.023369924074304212,6665,randomize,4.346689400397841,0.16111439712671843,210.8860471724922,0.0006177784821486414,0,0.5595339585109406,16,beta
3519,0.09730669286794846,0.006435569938801106,1789,randomize,4.346121057118499,0.11355895351851088,187.50781472009095,0.0006176977056734649,0,0.41119636260301223,28,beta
3519,0.23278864343895989,0.01803113027391793,5537,randomize,4.345552713839159,0.07039261513834169,144.92924126172207,0.0006176169291982886,0,0.6805910770105144,16,beta
3519,0.8033884274539306,0.021768347221829725,1609,randomize,4.346121057118499,0.0017884360416102376,31.083830633702757,0.0006176977056734649,0,0.8934356351236147,24,beta
3519,0.3276041862514578,0.021355313638682993,196,randomize,4.346121057118499,0.04122652218753774,116.22790565501563,0.0006176977056734649,0,0.5635123614663257,74,beta
3519,0.03199139019330355,0.0170655373386213,6513,randomize,4.346689400397841,0.15520240192786028,213.19238420005684,0.0006177784821486414,0,0.5717533390167662,15,beta
3519,0.21572466922056788,0.02408916555072696,6462,randomize,4.346689400397841,0.07472094726346273,148.0278488206877,0.0006177784821486414,0,0.6686558681443592,15,beta
3519,0.16521651553982852,0.02430935408233135,7549,randomize,4.346689400397841,0.09782080795398024,163.48451264563798,0.0006177784821486414,0,0.6521739130434783,12,beta
3519,0.19929602727890317,0.008641254783726708,2824,randomize,4.346121057118499,0.07763847505220134,155.23273657289002,0.0006176977056734649,0,0.5419153168513783,23,beta
3519,0.8038833202493545,0.02428849518102933,9762,randomize,4.346689400397841,0.0015256672437735232,30.51094060812731,0.0006177784821486414,0,0.9127593066211992,11,beta
3519,0.2474468111847622,0.018713088580522428,8263,randomize,4.343847684001137,0.0625296265007305,139.08496732026143,0.0006173745997727596,0,0.6774651889741404,14,beta
3519,0.9479185694658179,0.01711415493303964,7289,randomize,4.346689400397841,0.000803133433141958,23.64535379369139,0.0006177784821486414,0,0.9258312020460358,13,beta
3519,0.2911837770775655,0.007812031954890636,9183,randomize,4.346689400397841,0.04405729461122143,128.30917874396135,0.0006177784821486414,0,0.670929241261722,12,beta
3519,0.718144655807035,0.020061459452413378,3545,randomize,4.346689400397841,0.0036547368738878996,40.30406365444728,0.0006177784821486414,0,0.8994032395566922,18,beta
3519,0.43157377577217293,0.019842648183669435,4590,randomize,4.345552713839159,0.02296120329235222,89.70787155441887,0.0006176169291982886,0,0.7817561807331628,18,beta
3519,0.5031617316091946,0.012475322859909165,1478,randomize,4.344416027280477,0.01722387285188973,74.31713554987212,0.000617455376247936,0,0.7507814720090935,25,beta
3519,0.03670947986215223,0.00319453703219306,6769,randomize,4.346689400397841,0.1568025857872734,213.69764137539073,0.0006177784821486414,0,0.3626030122193805,14,beta
3519,0.5872687214921724,0.0011526643867195566,4362,randomize,4.346121057118499,0.011218866515507402,58.369991474850806,0.0006176977056734649,0,0.5419153168513783,62,beta
3519,0.2610037856552021,0.02373202788306032,1161,randomize,4.346689400397841,0.05894770719715322,139.2168229610685,0.0006177784821486414,0,0.666098323387326,33,beta
3519,0.03548249935254777,0.01983868799605788,8706,randomize,4.346121057118499,0.1414621848339164,213.10485933503836,0.0006176977056734649,0,0.5518613242398409,14,beta
3519,0.3864033371403862,0.007774080740748461,5024,randomize,4.345552713839159,0.025767413356342098,101.307757885763,0.0006176169291982886,0,0.7075873827791986,17,beta
3519,0.23150335825632795,0.004459380858972713,8203,randomize,4.346689400397841,0.05868436801239817,142.80420574026712,0.0006177784821486414,0,0.5649332196646775,13,beta
3519,0.062311376469967095,0.008999111444033248,9146,randomize,4.346689400397841,0.13889025296084612,201.2941176470588,0.0006177784821486414,0,0.5572605853935777,13,beta
3519,0.447823921251869,0.01296645248773396,5241,randomize,4.346689400397841,0.01755885466671203,85.33503836317135,0.0006177784821486414,0,0.7985223074737141,16,beta
3519,0.529654697346951,0.024811410661624258,6005,randomize,4.344984370559819,0.01306659153889388,67.23842000568344,0.0006175361527231123,0,0.8289286729184427,13,beta
3519,0.8248225550664329,0.01786719371510378,8961,randomize,4.346121057118499,0.001397734722184386,29.54873543620347,0.0006176977056734649,0,0.9025291275930662,11,beta
3519,0.17812261341709046,0.021076436332239466,1056,randomize,4.346689400397841,0.07782939054381527,162.11651037226486,0.0006177784821486414,0,0.5939187269110543,35,beta
3519,0.5216709651831238,0.024746022445418885,2317,randomize,4.346689400397841,0.013269777599111547,72.75134981528844,0.0006177784821486414,0,0.8169934640522876,20,beta
3519,0.45925470311672956,0.00654632727180188,8696,randomize,4.346689400397841,0.02072064347202908,85.94543904518329,0.0006177784821486414,0,0.7649900539926116,15,beta
3519,0.5836969126059702,0.013976766206537605,7047,randomize,4.346689400397841,0.010793837981310589,58.20346689400398,0.0006177784821486414,0,0.8175618073316283,13,beta
3519,0.705358654921359,0.021904206550184168,7059,randomize,4.346121057118499,0.004099108337064434,40.60585393577721,0.0006176977056734649,0,0.8815004262574595,13,beta
3519,0.39134935750466504,0.016910473773410543,6168,randomize,4.344984370559819,0.027097816040332883,98.01932367149759,0.0006175361527231123,0,0.7610116510372265,15,beta
3519,0.20253177442615444,0.02404604208243888,6528,randomize,4.346689400397841,0.07608035369114276,149.89826655299802,0.0006177784821486414,0,0.6609832338732594,15,beta
3519,0.7804858749755175,0.016748071167162464,734,randomize,4.346689400397841,0.002273241525880938,32.474566638249506,0.0006177784821486414,0,0.863029269678886,34,beta
3519,0.7442867544353732,0.010300960459136813,5881,randomize,4.345552713839159,0.0023955903282365616,37.554418868996876,0.0006176169291982886,0,0.875532821824382,14,beta
3519,0.15020528185347748,0.01337442700226546,8097,randomize,4.346121057118499,0.09884656335776076,168.6030122193805,0.0006176977056734649,0,0.6135265700483091,14,beta
3519,0.5303772613475326,0.0078065683955075614,9029,randomize,4.346121057118499,0.013288219720848631,70.28815004262574,0.0006176977056734649,0,0.7985223074737141,13,beta
3519,0.36652796472034577,0.02310016063743026,6044,randomize,4.345552713839159,0.03216656716117557,105.85564080704745,0.0006176169291982886,0,0.7499289570900824,16,beta
3519,0.985588203270831,0.017597972272452658,1404,randomize,4.346689400397841,0.0002742379340844814,23.296959363455528,0.0006177784821486414,0,0.9173060528559249,23,beta
3519,0.8094086403276892,0.005916246844919329,22,randomize,4.345552713839159,0.0013703320375323897,30.100596760443306,0.0006176169291982886,0,0.7061665245808468,770,beta
3519,0.7744561003881286,0.02191185369681322,2488,randomize,4.346689400397841,0.002466065526352532,33.4822392725206,0.0006177784821486414,0,0.8871838590508667,21,beta
3519,0.12264109200817619,0.008564021914385137,9973,randomize,4.346689400397841,0.09441148226008479,182.06308610400683,0.0006177784821486414,0,0.5996021597044615,13,beta
3519,0.0065644532590333204,0.0019536949181970797,4440,randomize,4.346689400397841,0.17661000167629434,225.88519465757318,0.0006177784821486414,0,0.2208013640238704,16,beta
3519,0.9926793642863537,0.014141897067650233,226,randomize,4.346689400397841,0.0006420823343244485,23.383347541915317,0.0006177784821486414,0,0.8908780903665814,67,beta
3519,0.5311865159093038,0.006840099284730679,7224,randomize,4.346121057118499,0.01561203309813102,74.42398408638817,0.0006176977056734649,0,0.7863029269678886,13,beta
3519,0.13496551239246957,0.011830980275183752,7564,randomize,4.346689400397841,0.08754379546482428,174.38590508667235,0.0006177784821486414,0,0.6104006820119352,14,beta
3519,0.8443741781849275,0.018391532562786896,9707,randomize,4.345552713839159,0.0017443374295479071,28.11253196930946,0.0006176169291982886,0,0.9144643364592213,11,beta
3519,0.3154420477086506,0.012612266822860822,8728,randomize,4.346689400397841,0.044704804576438655,120.10116510372265,0.0006177784821486414,0,0.717249218527991,12,beta
3519,0.9302959130974686,0.020234942144518875,5186,randomize,4.346121057118499,0.0007381580271605847,24.016481955100883,0.0006176977056734649,0,0.9246945154873544,14,beta
3519,0.02971631955182852,0.0015397760374390303,1972,randomize,4.346689400397841,0.1593030369481677,214.9337880079568,0.0006177784821486414,0,0.1830065359477124,28,beta
3519,0.5022453397170503,0.01510980768947377,6054,randomize,4.346121057118499,0.019009776160312603,71.27195225916454,0.0006176977056734649,0,0.7962489343563512,14,beta
3519,0.8252210768284169,0.024442400920999235,1647,randomize,4.346689400397841,0.0009907437693128431,29.695936345552713,0.0006177784821486414,0,0.8985507246376812,27,beta
3519,0.6732329118962651,0.007930189492108403,7552,randomize,4.346689400397841,0.0052520669722274285,43.94373401534527,0.0006177784821486414,0,0.8505257175333901,13,beta
3519,0.18581853869640408,0.011201902813624924,3844,randomize,4.345552713839159,0.08643855441899632,159.0872406933788,0.0006176169291982886,0,0.6069906223358909,20,beta
3519,0.4073519188393989,0.003709362589881284,5059,randomize,4.345552713839159,0.03001755921256793,93.0105143506678,0.0006176169291982886,0,0.6277351520318272,24,beta
3519,0.8153509359185362,0.008547520066966553,227,randomize,4.346689400397841,0.0015254290706687693,31.10997442455243,0.0006177784821486414,0,0.8022165387894288,86,beta
3519,0.5415462985618931,0.004985504273172829,4394,randomize,4.345552713839159,0.013788228386328651,64.91730605285592,0.0006176169291982886,0,0.7394146064222791,20,beta
3519,0.0005452302115279695,0.011601968383154415,7458,randomize,4.346689400397841,0.17899506398468515,227.31798806479114,0.0006177784821486414,0,0.5450412048877522,15,beta
3519,0.01806234744869084,0.010640758332875602,880,randomize,4.346689400397841,0.17130624534386474,220.1159420289855,0.0006177784821486414,0,0.3688547882921284,36,beta
3519,0.2592435239803301,0.018635292358903273,5801,randomize,4.346121057118499,0.0565023461425455,137.8897414038079,0.0006176977056734649,0,0.6888320545609549,16,beta
3519,0.9601326705326484,0.013422996116942393,3781,randomize,4.346689400397841,0.0004279059671904047,23.672634271099746,0.0006177784821486414,0,0.9210002841716397,16,beta
3519,0.7358284338067779,0.01814082828888109,8242,randomize,4.346689400397841,0.002755237865092226,36.538789428815,0.0006177784821486414,0,0.8951406649616368,12,beta
3519,0.35893800050000024,0.023919941767945655,4378,randomize,4.344984370559819,0.03640493734783633,105.25774367718101,0.0006175361527231123,0,0.7402671213412901,18,beta
3519,0.3761931820453128,0.011785132971195676,2528,randomize,4.344984370559819,0.031487081291903946,108.85990338164251,0.0006175361527231123,0,0.7044614947428247,19,beta
3519,0.13428795525740955,0.006176557350911085,2931,randomize,4.346689400397841,0.07851435128301663,173.34754191531684,0.0006177784821486414,0,0.46007388462631427,21,beta
3519,0.4589781647403425,0.018363203223675306,8621,randomize,4.346121057118499,0.024289228302998726,82.8542199488491,0.0006176977056734649,0,0.796817277635692,13,beta
3519,0.9433640820928705,0.001653194615550559,1990,randomize,4.346689400397841,0.000445315002007244,23.791418016481956,0.0006177784821486414,0,0.7593066211992043,80,beta
3519,0.4892658849748355,0.00919536133285035,4453,randomize,4.345552713839159,0.014075909028276875,78.17277635691958,0.0006176169291982886,0,0.7811878374538221,17,beta
3519,0.6204766291259505,0.0036913211116352987,2344,randomize,4.344984370559819,0.007117102225127286,52.829781187837455,0.0006175361527231123,0,0.718101733447002,43,beta
3519,0.535551719657703,0.00994832470830535,3342,randomize,4.346121057118499,0.012399562098003008,66.28246660983234,0.0006176977056734649,0,0.7817561807331628,21,beta
3519,0.028227606425991425,0.018202278775160844,5279,randomize,4.346121057118499,0.1626763901273045,216.03637396987781,0.0006176977056734649,0,0.560670645069622,15,beta
3519,0.4649283560107871,0.014865590554561943,912,randomize,4.345552713839159,0.01637815122686447,80.8877522023302,0.0006176169291982886,0,0.7260585393577721,35,beta
3519,0.7258381789477572,0.020496053527596012,6197,randomize,4.346689400397841,0.004267847189568726,37.451548735436205,0.0006177784821486414,0,0.8880363739698778,17,beta
3519,0.6121753318566704,0.01775398565012497,7210,randomize,4.346689400397841,0.00813290419773679,56.76157999431657,0.0006177784821486414,0,0.8502415458937198,14,beta
3519,0.12490049798987701,0.011020435513866021,1204,randomize,4.346689400397841,0.11376240430751976,177.88803637396987,0.0006177784821486414,0,0.4722932651321398,32,beta
3519,0.5930794372849892,0.010062471704517247,6986,randomize,4.346689400397841,0.008084019298887947,56.24381926683717,0.0006177784821486414,0,0.8476840011366865,14,beta
3519,0.6444600908491903,0.01830503166923014,180,randomize,4.346689400397841,0.006487113217336944,50.84512645637965,0.0006177784821486414,0,0.7684001136686559,75,beta
3519,0.8464203621757848,0.011888641513018241,6456,randomize,4.346689400397841,0.0009901414293361761,28.243250923557827,0.0006177784821486414,0,0.9002557544757033,14,beta
3519,0.0667487023831479,0.022522024846318444,6639,randomize,4.346689400397841,0.13544926446110772,202.076726342711,0.0006177784821486414,0,0.5890878090366581,16,beta
3519,0.8749232525326962,0.004984664881074254,2657,randomize,4.346689400397841,0.001168230232109246,26.711565785734585,0.0006177784821486414,0,0.8653026427962489,26,beta
3519,0.47265919575826365,0.010068309825903978,8962,randomize,4.346121057118499,0.017581073856619816,79.65501562944019,0.0006176977056734649,0,0.7959647627166809,12,beta
3519,0.7564587531018477,0.01546444598392447,9939,randomize,4.346121057118499,0.002132561175683455,35.30321113952827,0.0006176977056734649,0,0.9045183290707587,12,beta
3519,0.20206557654218493,0.010265596478749237,7131,randomize,4.346121057118499,0.07635878817169542,150.4381926683717,0.0006176977056734649,0,0.6524580846831486,14,beta
3519,0.27617070095938967,0.021394967830307806,1001,randomize,4.346689400397841,0.0399995608866021,128.25348110258597,0.0006177784821486414,0,0.6524580846831486,31,beta
3519,0.9619428375203763,0.008226333355996224,9175,randomize,4.346689400397841,0.0003650252371479993,23.475419153168513,0.0006177784821486414,0,0.9281045751633987,11,beta
3519,0.811230978455818,0.004341253843113183,694,randomize,4.345552713839159,0.0017581592359135825,29.89769820971867,0.0006176169291982886,0,0.8061949417448139,72,beta
3519,0.3759608414064832,0.0020681799349580397,9494,randomize,4.346121057118499,0.03398929129847197,100.81500426257459,0.0006176977056734649,0,0.5240125035521455,24,beta
3519,0.2768650903786203,0.009795743502306678,8480,randomize,4.346121057118499,0.041425529712078614,128.81614094913328,0.0006176977056734649,0,0.6896845694799659,14,beta
3519,0.8008563076060551,0.0017459543160251042,5197,randomize,4.346689400397841,0.0020991250784764947,32.04830917874396,0.0006177784821486414,0,0.7814720090934925,50,beta
3519,0.0030953655765232346,0.023458587836651945,890,randomize,4.346689400397841,0.17708131985446127,226.6558681443592,0.0006177784821486414,0,0.5072463768115942,37,beta
3519,0.9297439480917324,0.01009174107198314,5381,randomize,4.346121057118499,0.0008850871832042652,24.41204887752202,0.0006176977056734649,0,0.9215686274509803,16,beta
3519,0.9319126367881195,0.011900892878477749,785,randomize,4.346689400397841,0.000610230377583543,24.07786302926968,0.0006177784821486414,0,0.8894572321682296,39,beta
3519,0.7011397849316815,0.02002635678137349,3714,randomize,4.346689400397841,0.004478770022940158,40.79511224779767,0.0006177784821486414,0,0.8769536800227338,15,beta
3519,0.7434246078641835,0.007468054179262699,7512,randomize,4.346121057118499,0.0030828073789336188,36.67860187553282,0.0006176977056734649,0,0.8761011651037226,12,beta
3519,0.8786400694168318,0.009915093008944116,5345,randomize,4.346121057118499,0.0010886134830026346,26.82750781472009,0.0006176977056734649,0,0.9130434782608695,15,beta
3519,0.588843568341863,0.019609344992798528,677,randomize,4.345552713839159,0.009754677601266937,59.3202614379085,0.0006176169291982886,0,0.8019323671497585,37,beta
3519,0.4525892515357981,0.0016150418126390606,6676,randomize,4.346121057118499,0.01713720696017821,89.82949701619778,0.0006176977056734649,0,0.5234441602728048,43,beta
3519,0.9726750641772248,0.024788203670722306,104,randomize,4.346689400397841,0.0007988483052421667,23.33276499005399,0.0006177784821486414,0,0.8905939187269111,82,beta
3519,0.33100759616003816,0.008702997621400345,2484,randomize,4.346121057118499,0.04264241815544635,115.61352657004831,0.0006176977056734649,0,0.6487638533674339,23,beta
3519,0.33285985464416623,0.020852426336438232,3106,randomize,4.346689400397841,0.041903434139664235,118.24097755044046,0.0006177784821486414,0,0.7013356067064507,22,beta
3519,0.3102281293490916,0.01075360974899621,7148,randomize,4.346689400397841,0.03878606307697069,118.72975277067349,0.0006177784821486414,0,0.6990622335890878,14,beta
3519,0.9996849026408574,0.0034986343583447432,8818,randomize,4.346689400397841,0.0005717160235489307,23.366865586814434,0.0006177784821486414,0,0.8942881500426257,16,beta
3519,0.5221670908905987,0.00967756917177006,3909,randomize,4.346689400397841,0.011546218024950088,70.44614947428246,0.0006177784821486414,0,0.7953964194373402,18,beta
3519,0.6395585842478557,0.012597683673581064,1641,randomize,4.346689400397841,0.007004967671865327,50.11651037226485,0.0006177784821486414,0,0.8377379937482239,29,beta
3519,0.005486801060882729,0.009202087530058321,1003,randomize,4.346689400397841,0.17586192290658215,225.00994600738846,0.0006177784821486414,0,0.364592213697073,36,beta
3519,0.7907393750771132,0.01441056064608592,7512,randomize,4.346689400397841,0.0017992278265008199,31.776641091219098,0.0006177784821486414,0,0.9002557544757033,14,beta
3519,0.2930100267864092,0.020356793333095157,4199,randomize,4.346689400397841,0.05329929687727432,128.19948849104858,0.0006177784821486414,0,0.6942313157146917,18,beta
3519,0.6510776309534659,0.019493481995095815,7697,randomize,4.346689400397841,0.005802611492455418,48.35635123614663,0.0006177784821486414,0,0.8618925831202046,12,beta
3519,0.7700637787940017,0.01741370718695725,4214,randomize,4.346689400397841,0.0024895335376309193,34.710997442455245,0.0006177784821486414,0,0.8957090082409775,17,beta
3519,0.5585835014876481,0.021356096719327776,4902,randomize,4.346689400397841,0.011678602905453622,60.71383915885195,0.0006177784821486414,0,0.83461210571185,18,beta
3519,0.4426826743374165,0.023767591845417272,8929,randomize,4.346689400397841,0.018811659811260786,85.1457800511509,0.0006177784821486414,0,0.7999431656720659,12,beta
3519,0.06804540674539938,0.021160213715308584,9064,randomize,4.346689400397841,0.13582367703159487,201.59874964478544,0.0006177784821486414,0,0.591361182154021,13,beta
3519,0.42949985210147545,0.024708419485108577,1565,randomize,4.346689400397841,0.01899547643136686,90.51037226484797,0.0006177784821486414,0,0.7530548451264564,27,beta
3519,0.533897526088406,0.0013267811012026849,3437,randomize,4.346689400397841,0.013281526573625723,66.42057402671213,0.0006177784821486414,0,0.5356635407786303,86,beta
3519,0.5692885403776311,0.024519028922100613,1236,randomize,4.346689400397841,0.01086452236367731,59.07701051435067,0.0006177784821486414,0,0.8232452401250355,29,beta
3519,0.45087027012947967,0.005878749334237363,5700,randomize,4.346121057118499,0.0236180964486223,81.74140380789997,0.0006176977056734649,0,0.7183859050866723,15,beta
3519,0.7284249565995754,0.01861647420304547,4610,randomize,4.344984370559819,0.003428010066530004,39.50610969025291,0.0006175361527231123,0,0.8843421426541631,19,beta
3519,0.8463375251353287,0.0224914070265499,206,randomize,4.346689400397841,0.0013048638015879359,28.343279340721796,0.0006177784821486414,0,0.8709860755896561,67,beta
3519,0.7846343906726633,0.009388695453221501,1580,randomize,4.346121057118499,0.0025709700282464457,33.19806763285024,0.0006176977056734649,0,0.8473998294970162,28,beta
3519,0.45999878329032073,0.01259110185374756,3530,randomize,4.346121057118499,0.022934164418928194,81.10144927536231,0.0006176977056734649,0,0.7743677181017334,19,beta
3519,0.503536048209202,0.018397323055439164,9149,randomize,4.346689400397841,0.016190976571530586,73.35493037794828,0.0006177784821486414,0,0.8144359192952544,12,beta
3519,0.8470763959229776,0.021350136988879952,9410,randomize,4.346689400397841,0.001515332117969633,27.675475987496448,0.0006177784821486414,0,0.9198635976129582,10,beta
3519,0.8487674987155187,0.021181065373104695,3204,randomize,4.346689400397841,0.0010153586209253206,27.460642227905655,0.0006177784821486414,0,0.9104859335038363,18,beta
3519,0.3575748348793881,0.011889908023389458,5222,randomize,4.346121057118499,0.038633064774618184,106.33645922136971,0.0006176977056734649,0,0.7351520318272237,17,beta
3519,0.9886942724622562,0.010010138534522747,1537,randomize,4.346689400397841,0.00029691425684605566,23.315146348394432,0.0006177784821486414,0,0.9164535379369139,26,beta
3519,0.9836967457376586,0.015327775651957844,9354,randomize,4.346689400397841,0.00035952018049204747,23.366297243535094,0.0006177784821486414,0,0.9360613810741688,10,beta
3519,0.26652586621855745,0.01612257854228759,6569,randomize,4.346689400397841,0.057471155345627606,134.3239556692242,0.0006177784821486414,0,0.6817277635691958,16,beta
3519,0.06811386948287534,0.00812789533715669,3475,randomize,4.346689400397841,0.13222663683214422,200.90537084398977,0.0006177784821486414,0,0.4731457800511509,19,beta
3519,0.7903459964330637,0.007904749823812729,8316,randomize,4.345552713839159,0.002393064570365826,31.446433645922138,0.0006176169291982886,0,0.8863313441318557,13,beta
3519,0.6146580193297677,0.023284769269881236,4230,randomize,4.346689400397841,0.008133857426108077,52.80420574026712,0.0006177784821486414,0,0.8493890309747087,16,beta
3519,0.5443381377704015,0.007875736298287833,5396,randomize,4.345552713839159,0.012079037363922886,64.4717249218528,0.0006176169291982886,0,0.796817277635692,18,beta
3519,0.4265455237831841,0.020938770384910054,2683,randomize,4.345552713839159,0.02398836831344102,89.4708724069338,0.0006176169291982886,0,0.7718101733447001,18,beta
3519,0.4649432162968602,0.024791819100679152,5237,randomize,4.345552713839159,0.02199888292814954,79.64819551008809,0.0006176169291982886,0,0.7993748223927252,14,beta
3519,0.7268638100720696,0.013346962645415465,615,randomize,4.346121057118499,0.004209525144494546,38.910485933503836,0.0006176977056734649,0,0.8297811878374538,44,beta
3519,0.19067458501521795,0.013988084469812468,7302,randomize,4.346121057118499,0.08107632371226768,152.74225632281897,0.0006176977056734649,0,0.6516055697641375,15,beta
3519,0.08570256624843142,0.02242030868760557,4014,randomize,4.346689400397841,0.13076470067923715,191.65728900255755,0.0006177784821486414,0,0.6021597044614947,19,beta
3519,0.7420301635279448,0.023748065049654377,7833,randomize,4.346689400397841,0.0027741255967911613,36.327365728900254,0.0006177784821486414,0,0.8800795680591077,13,beta
3519,0.4053747773651645,0.0021356066708546023,2084,randomize,4.345552713839159,0.02562394112134247,91.32992327365729,0.0006176169291982886,0,0.477124183006536,82,beta
3519,0.9038402513742743,0.00850368911680199,4702,randomize,4.346121057118499,0.0005727093039260235,25.049730036942314,0.0006176977056734649,0,0.9036658141517476,16,beta
3519,0.045220950433575435,0.011358312998697564,4983,randomize,4.346121057118499,0.14711729280820762,206.96106848536516,0.0006176977056734649,0,0.5387894288150042,19,beta
3519,0.8108372349775768,0.004264487621987063,1699,randomize,4.345552713839159,0.0018058040771493224,30.729752770673485,0.0006176169291982886,0,0.8294970161977835,44,beta
3519,0.7571289724763723,0.007657465255629796,4664,randomize,4.346121057118499,0.002297150967471219,35.3231031543052,0.0006176977056734649,0,0.875532821824382,20,beta
3519,0.45342106514934444,0.006948609263739394,7814,randomize,4.345552713839159,0.019968647859497327,84.22392725206025,0.0006176169291982886,0,0.7607274793975561,13,beta
3519,0.6451521962263579,0.01587265037593433,7209,randomize,4.345552713839159,0.006668443741890653,47.68684285308326,0.0006176169291982886,0,0.8593350383631714,12,beta
3519,0.03061549090449167,0.007670394200012854,9417,randomize,4.346689400397841,0.15326816937212176,216.70360897982383,0.0006177784821486414,0,0.5430520034100597,12,beta
3519,0.2572088839378849,0.020057586397553225,7213,randomize,4.346689400397841,0.0538730485088224,132.32850241545893,0.0006177784821486414,0,0.7036089798238135,13,beta
3519,0.37533412107150654,0.011775127610694387,8569,randomize,4.344984370559819,0.034924963847708684,102.64393293549304,0.0006175361527231123,0,0.7470872406933788,15,beta
3519,0.9510103041292276,0.02326088719462244,6729,randomize,4.346689400397841,0.0005626297754743337,23.554418868996873,0.0006177784821486414,0,0.9269678886047172,13,beta
3519,0.22294384108153165,0.0024511438082926223,76,randomize,4.346689400397841,0.07267278228324521,148.72350099460073,0.0006177784821486414,0,0.13640238704177324,149,beta
3519,0.42460568698566326,0.01415422516568024,3440,randomize,4.346689400397841,0.021629165207645924,89.39357772094345,0.0006177784821486414,0,0.7627166808752487,19,beta
3519,0.6321875211240018,0.010539718872202505,5727,randomize,4.346121057118499,0.006993278211967319,52.3125888036374,0.0006176977056734649,0,0.859050866723501,15,beta
3519,0.5797662517735073,0.01617553116191789,5229,randomize,4.346121057118499,0.010345800433872631,61.3969877806195,0.0006176977056734649,0,0.8297811878374538,14,beta
3519,0.23950284713177739,0.0033999039096906393,5068,randomize,4.345552713839159,0.06498982434202606,143.60897982381357,0.0006176169291982886,0,0.4845126456379653,25,beta
3519,0.5501818376976384,0.021577853273414643,374,randomize,4.346121057118499,0.01184335481129892,62.89400397840296,0.0006176977056734649,0,0.7598749644785451,53,beta
3519,0.3613442589230976,0.01769651076925554,5938,randomize,4.345552713839159,0.03466542825667194,105.4668940039784,0.0006176169291982886,0,0.7553282182438192,16,beta
3519,0.6575653477198401,0.01326326289269008,4837,randomize,4.346121057118499,0.005864187551109652,45.99829497016198,0.0006176977056734649,0,0.8610400682011935,17,beta
3519,0.49216755072080387,0.009167230639489325,6506,randomize,4.346689400397841,0.016800411694298006,73.76470588235294,0.0006177784821486414,0,0.776356919579426,14,beta
3519,0.3340482084830353,0.006226681372044179,3891,randomize,4.346689400397841,0.04409493519255273,114.0335322534811,0.0006177784821486414,0,0.62205171923842,19,beta
3519,0.06384982993567334,0.002341540502230687,8823,randomize,4.346689400397841,0.14780407942549006,203.154305200341,0.0006177784821486414,0,0.34867860187553285,14,beta
3519,0.26652541435535904,0.0233423533264601,5609,randomize,4.344984370559819,0.04914669521893329,133.7470872406934,0.0006175361527231123,0,0.683432793407218,14,beta
3519,0.5787200296363438,0.009141013013589844,9576,randomize,4.346689400397841,0.009988969289723893,59.39926115373686,0.0006177784821486414,0,0.8277919863597613,11,beta
3519,0.9614400366670474,0.007966934197226766,1297,randomize,4.345552713839159,0.0006645700711946138,23.357772094344984,0.0006176169291982886,0,0.9116226200625177,27,beta
3519,0.32338245589241865,0.017934255030859304,2460,randomize,4.344984370559819,0.04983018122439236,118.28871838590509,0.0006175361527231123,0,0.7053140096618358,23,beta
3519,0.1918464934587064,0.0028146854235349857,3496,randomize,4.346689400397841,0.08081846733012335,152.82296106848537,0.0006177784821486414,0,0.3660130718954248,23,beta
3519,0.7078264771347383,0.006677014715970218,3514,randomize,4.346121057118499,0.004299349002527215,41.69877806194942,0.0006176977056734649,0,0.8292128445581131,18,beta
3519,0.4428423413589373,0.004133874715143853,6805,randomize,4.346121057118499,0.018937836908371357,85.92554703040636,0.0006176977056734649,0,0.6814435919295254,16,beta
3519,0.4943327992076294,0.008431652087063134,7485,randomize,4.346121057118499,0.016589833697623055,72.32452401250355,0.0006176977056734649,0,0.797669792554703,13,beta
3519,0.3142107093606492,0.013748478952351196,3681,randomize,4.346121057118499,0.04156686708801891,118.10457516339869,0.0006176977056734649,0,0.7098607558965615,20,beta
3519,0.3672581408744847,0.004139324434495953,4771,randomize,4.344416027280477,0.03218492742267288,107.68059107701052,0.000617455376247936,0,0.5816993464052288,20,beta
3519,0.9648324598686409,0.015915584074702754,5951,randomize,4.346689400397841,0.0005861603900819588,23.39300937766411,0.0006177784821486414,0,0.934640522875817,14,beta
3519,0.6557007886999198,0.020951251775004096,2595,randomize,4.346121057118499,0.005367684942671041,47.52031827223643,0.0006176977056734649,0,0.8726911054276784,23,beta
3519,0.9120214082851082,0.0033657257769702876,9344,randomize,4.346689400397841,0.0006516372325818277,24.608695652173914,0.0006177784821486414,0,0.8843421426541631,18,beta
3519,0.11650516279601819,0.019309665248780288,5392,randomize,4.346121057118499,0.1093353583448833,180.87297527706735,0.0006176977056734649,0,0.6101165103722649,16,beta
3519,0.3605234280449605,0.015473643696833909,2472,randomize,4.346689400397841,0.035770766167328556,107.88576300085252,0.0006177784821486414,0,0.7036089798238135,23,beta
3519,0.8770038477142823,0.015467416477255524,8707,randomize,4.346689400397841,0.001104605078852144,26.294970161977833,0.0006177784821486414,0,0.9266837169650469,11,beta
3519,0.5511239814446434,0.011315213822665336,4100,randomize,4.345552713839159,0.012950440443918397,64.29838022165387,0.0006176169291982886,0,0.8121625461778914,16,beta
3519,0.19755299571095608,0.020828748660685247,8202,randomize,4.346121057118499,0.06679225394889353,153.93691389599317,0.0006176977056734649,0,0.656720659278204,12,beta
3519,0.06588476092253348,0.006503331919729278,9263,randomize,4.346689400397841,0.13738384187191502,198.77294685990339,0.0006177784821486414,0,0.5180448991190679,14,beta
3519,0.5141137001337647,0.011861454792427905,8675,randomize,4.344416027280477,0.014861279997895256,69.64819551008809,0.000617455376247936,0,0.8138675760159136,13,beta
3519,0.20442590410827755,0.021266797908875087,603,randomize,4.345552713839159,0.08020766438062815,153.59136118215403,0.0006176169291982886,0,0.5856777493606138,46,beta
3519,0.095216035707689,0.01877173567296293,7248,randomize,4.345552713839159,0.12438597421940292,194.24609263995453,0.0006176169291982886,0,0.5950554134697357,14,beta
3519,0.35751324551413177,0.013880164441467644,2605,randomize,4.345552713839159,0.028445106386627096,105.58226768968457,0.0006176169291982886,0,0.7135549872122762,23,beta
3519,0.5479854058236159,0.0043594627566993695,223,randomize,4.346689400397841,0.012143265110759409,65.90906507530548,0.0006177784821486414,0,0.5643648763853367,276,beta
3519,0.2693129603159967,0.011714944863261256,2730,randomize,4.346121057118499,0.04418921874277118,130.88036373969877,0.0006176977056734649,0,0.6427962489343564,22,beta
3519,0.26591122661832634,0.004483496904996111,2537,randomize,4.346121057118499,0.05601872802290942,137.31230463199773,0.0006176977056734649,0,0.473998294970162,24,beta
3519,0.3750117965972747,0.011040929119694919,9563,randomize,4.344984370559819,0.02929728337398228,103.94146064222791,0.0006175361527231123,0,0.7479397556123899,12,beta
3519,0.39546520185771616,0.012652784035059286,4652,randomize,4.346689400397841,0.03121474073180553,96.86047172492185,0.0006177784821486414,0,0.7502131287297528,14,beta
3519,0.8849967901535564,0.015124809532483578,8161,randomize,4.345552713839159,0.000984416536944034,25.50326797385621,0.0006176169291982886,0,0.9201477692526285,13,beta
3519,0.07148073967904323,0.022804509768120134,3139,randomize,4.346689400397841,0.13243170552575556,202.0164819551009,0.0006177784821486414,0,0.5711849957374254,21,beta
3519,0.29875798639350115,0.02134419090280433,7735,randomize,4.345552713839159,0.04478111615725301,127.44245524296676,0.0006176169291982886,0,0.711849957374254,14,beta
3519,0.48182430796386133,0.0012899012483773848,5793,randomize,4.346121057118499,0.015977545033262992,80.88377379937482,0.0006176977056734649,0,0.505541346973572,38,beta
3519,0.6090741976580005,0.015094740872444782,2675,randomize,4.346121057118499,0.008478759381465745,54.131855640807046,0.0006176977056734649,0,0.8331912475134982,21,beta
3519,0.15987455148408636,0.01462220379364967,5822,randomize,4.346689400397841,0.0863360070100373,165.20318272236432,0.0006177784821486414,0,0.6334185848252344,16,beta
3519,0.5268187406705025,0.008442563350045278,3955,randomize,4.344984370559819,0.011185827067226425,66.60471724921852,0.0006175361527231123,0,0.7811878374538221,20,beta
3519,0.024491155343177917,0.010853791567315262,6054,randomize,4.346689400397841,0.16619644232255903,216.3614663256607,0.0006177784821486414,0,0.5419153168513783,16,beta
3519,0.8017896454093792,0.0027418002100013856,4330,randomize,4.346121057118499,0.001712430564622723,30.979255470304064,0.0006176977056734649,0,0.8090366581415175,33,beta
3519,0.9137985183600348,0.0038693330650596443,1626,randomize,4.346121057118499,0.0009266826887655884,24.988917306052855,0.0006176977056734649,0,0.8496732026143791,53,beta
3519,0.8892056962178911,0.0013778379498046106,6271,randomize,4.345552713839159,0.0011353641410057373,26.29781187837454,0.0006176169291982886,0,0.7871554418868997,46,beta
3519,0.11372042455502807,0.0159394927103839,2688,randomize,4.346689400397841,0.11304563385938025,182.71497584541063,0.0006177784821486414,0,0.591361182154021,24,beta
3519,0.6532674089136379,0.008340789092815595,3031,randomize,4.346689400397841,0.006954065376464306,49.22364308042057,0.0006177784821486414,0,0.8277919863597613,20,beta
3519,0.10931827472170219,0.02118933203599746,7782,randomize,4.346689400397841,0.1149423641994769,182.51150895140665,0.0006177784821486414,0,0.6115373685706167,16,beta
3519,0.6348345554106715,0.0092380618397396,4235,randomize,4.346689400397841,0.0071622569046232015,48.15799943165672,0.0006177784821486414,0,0.8510940608127309,16,beta
3519,0.4767177167726623,0.014682911774892761,6633,randomize,4.346689400397841,0.021007460817284832,76.85535663540779,0.0006177784821486414,0,0.8002273373117363,14,beta
3519,0.7897491702073565,0.006273272144822034,416,randomize,4.346121057118499,0.002462209097276354,33.5771526001705,0.0006176977056734649,0,0.8002273373117363,88,beta
3519,0.6461377061364229,0.013122722554068936,1107,randomize,4.345552713839159,0.0074938396132311555,48.1409491332765,0.0006176169291982886,0,0.8263711281614095,31,beta
3519,0.891651317018211,0.002504364441281808,7304,randomize,4.346121057118499,0.0011000196367819419,25.40153452685422,0.0006176977056734649,0,0.869281045751634,30,beta
3519,0.9449380427202728,0.013852088807226447,679,randomize,4.346121057118499,0.0006174509639090616,24.010798522307475,0.0006176977056734649,0,0.9045183290707587,37,beta
3519,0.5932740673649847,0.008492856582879583,7168,randomize,4.345552713839159,0.010298280185913535,56.40352372833191,0.0006176169291982886,0,0.8431372549019608,14,beta
3519,0.5321257475603678,0.017642925408199967,593,randomize,4.346121057118499,0.013342577302991104,67.9175902244956,0.0006176977056734649,0,0.7556123898834897,43,beta
3519,0.3639631906208577,0.013245537257523102,9348,randomize,4.346121057118499,0.03367307899453337,105.16510372264848,0.0006176977056734649,0,0.7436771810173345,11,beta
3519,0.17919404391198668,0.001062343076240916,2215,randomize,4.345552713839159,0.08716691980137868,156.6433645922137,0.0006176169291982886,0,0.19892014776925263,36,beta
3519,0.8836203648390851,0.00838800000503977,2452,randomize,4.346689400397841,0.001056564122202339,25.720943449843706,0.0006177784821486414,0,0.8917306052855924,22,beta
3519,0.20521054630431745,0.010466871153678475,3695,randomize,4.346121057118499,0.07113029155261857,148.87468030690536,0.0006176977056734649,0,0.6229042341574311,18,beta
3519,0.4906105483524682,0.02123614701835947,8879,randomize,4.346121057118499,0.017894493397593813,75.87837453822108,0.0006176977056734649,0,0.8155726058539358,11,beta
3519,0.23912164230004607,0.01289029860104893,6006,randomize,4.346689400397841,0.06999858479899201,140.02955385052573,0.0006177784821486414,0,0.6786018755328218,16,beta
3519,0.205618860958657,0.019963956522385206,6358,randomize,4.346689400397841,0.07903346679538364,156.4063654447286,0.0006177784821486414,0,0.6507530548451265,13,beta
3519,0.18933972764937756,0.020711914869322817,9964,randomize,4.344984370559819,0.08159372417424084,155.462915601023,0.0006175361527231123,0,0.6564364876385337,12,beta
3519,0.35285541264668707,0.01795652643999497,3902,randomize,4.346121057118499,0.03883574588798516,107.70559818130151,0.0006176977056734649,0,0.7408354646206309,18,beta
3519,0.4324802110487024,0.00795060772869078,171,randomize,4.346121057118499,0.020827878498596405,85.74083546462063,0.0006176977056734649,0,0.5211707871554419,140,beta
3519,0.035330828692650695,0.0030076992790164826,9472,randomize,4.346689400397841,0.14588438423619599,213.47769252628586,0.0006177784821486414,0,0.37965331059960217,12,beta
3519,0.7772875604137519,0.002857269375135962,8340,randomize,4.346121057118499,0.0019084042420841583,32.791702188121626,0.0006176977056734649,0,0.8405797101449275,26,beta
3519,0.4877560315282333,0.01825910837731786,5808,randomize,4.346689400397841,0.020990812798441182,77.87610116510372,0.0006177784821486414,0,0.8084683148621767,14,beta
3519,0.7018183715715087,0.011883229605315338,5247,randomize,4.346121057118499,0.003914185574765519,40.525717533390164,0.0006176977056734649,0,0.8761011651037226,14,beta
3519,0.09876932340154665,0.0014541092096716267,1939,randomize,4.346689400397841,0.11847605921899731,192.60187553282182,0.0006177784821486414,0,0.1926683716965047,29,beta
3519,0.43503532275794,0.0209555175184192,5025,randomize,4.346689400397841,0.025504010347356196,88.52003410059676,0.0006177784821486414,0,0.7854504120488776,17,beta
3519,0.7372643951633647,0.0037647679430756497,946,randomize,4.345552713839159,0.002649245627795138,36.72179596476272,0.0006176169291982886,0,0.7769252628587667,93,beta
3519,0.3388596028913957,0.009837082503884247,7125,randomize,4.345552713839159,0.03683605678185348,108.34214265416311,0.0006176169291982886,0,0.7274793975561239,16,beta
3519,0.26665726037175375,0.009559516789293045,7144,randomize,4.346689400397841,0.04620659775046646,132.8502415458937,0.0006177784821486414,0,0.6783177038931515,14,beta
3519,0.6295471995526716,0.014956609105532825,6397,randomize,4.345552713839159,0.006359910091335234,52.1102585961921,0.0006176169291982886,0,0.8735436203466894,13,beta
3519,0.9419484575587437,0.012167119614603938,8332,randomize,4.346689400397841,0.0006791477977848737,23.8743961352657,0.0006177784821486414,0,0.9272520602443876,12,beta
3519,0.6657482016424705,0.004304989026688335,6853,randomize,4.345552713839159,0.00546910125555696,45.43222506393862,0.0006176169291982886,0,0.8118783745382211,20,beta
3519,0.3624848883448176,0.004090633907597295,2880,randomize,4.346689400397841,0.03539955073016794,107.384484228474,0.0006177784821486414,0,0.5697641375390736,33,beta
3519,0.962988796823784,0.01639369283113138,1021,randomize,4.346689400397841,0.0005071181541769778,23.512929809605,0.0006177784821486414,0,0.9144643364592213,29,beta
3519,0.6943036898884904,0.02348520338429982,9244,randomize,4.345552713839159,0.004466474632300418,41.269110542767834,0.0006176169291982886,0,0.8911622620062518,11,beta
3519,0.967063399412577,0.01836793378950997,6873,randomize,4.346689400397841,0.0006529079205976051,23.41119636260301,0.0006177784821486414,0,0.9326513213981245,13,beta
3519,0.10874422293353381,0.014215507620080663,5461,randomize,4.346689400397841,0.10944575734202724,183.46348394430237,0.0006177784821486414,0,0.5899403239556692,16,beta
3519,0.4485720489469244,0.022839048106271454,2187,randomize,4.345552713839159,0.021198852439369482,84.73316283034953,0.0006176169291982886,0,0.7993748223927252,25,beta
3519,0.6077180608818714,0.01442938603503744,4482,randomize,4.345552713839159,0.008313541653724665,53.990906507530546,0.0006176169291982886,0,0.8491048593350383,15,beta
3519,0.6569973539179106,0.016685140050517053,8996,randomize,4.346121057118499,0.006815297628194746,48.17675475987497,0.0006176977056734649,0,0.8675760159136118,12,beta
3519,0.6774487337780831,0.015108795430149844,6607,randomize,4.345552713839159,0.005884146185733612,44.84171639670361,0.0006176169291982886,0,0.8752486501847115,15,beta
3519,0.7432030571677273,0.005016219409510355,9582,randomize,4.346689400397841,0.0021497679218957467,34.58425689116226,0.0006177784821486414,0,0.869281045751634,13,beta
3519,0.8549692160479834,0.008853691406271267,1796,randomize,4.346689400397841,0.0013521313960804875,27.875532821824383,0.0006177784821486414,0,0.8746803069053708,23,beta
3519,0.3830795900660068,0.019462833249308628,4023,randomize,4.346689400397841,0.03428314654193098,103.04290991759022,0.0006177784821486414,0,0.7610116510372265,17,beta
3519,0.59573316786232,0.02300115853343153,6688,randomize,4.346121057118499,0.007832206580510955,58.75816993464052,0.0006176977056734649,0,0.855924978687127,13,beta
3519,0.4795221642430204,0.023821952784015527,6141,randomize,4.345552713839159,0.0224362168680801,78.78090366581415,0.0006176169291982886,0,0.7985223074737141,15,beta
3519,0.8772976720350535,0.002958142679115384,5238,randomize,4.346121057118499,0.001150723500139608,26.619494174481385,0.0006176977056734649,0,0.8522307473714124,23,beta
3519,0.7012202158303784,0.02312368764891211,1866,randomize,4.346689400397841,0.004595747585276998,44.608695652173914,0.0006177784821486414,0,0.8729752770673487,22,beta
3519,0.025118008636917155,0.006259299088828938,6706,randomize,4.346689400397841,0.16086802577526005,218.9195794259733,0.0006177784821486414,0,0.46859903381642515,16,beta
3519,0.6813383484395359,0.017046432489973708,7259,randomize,4.346689400397841,0.004682044221165455,43.5464620630861,0.0006177784821486414,0,0.8766695083830633,12,beta
3519,0.7680261668961925,0.007271448605924193,7849,randomize,4.346121057118499,0.0020661681744662936,34.28246660983234,0.0006176977056734649,0,0.8746803069053708,12,beta
3519,0.8016581697977525,0.004411650104527599,4974,randomize,4.346689400397841,0.002181956327610132,32.16652458084683,0.0006177784821486414,0,0.8402955385052572,21,beta
3519,0.7844110692633044,0.003869268454589145,1296,randomize,4.346689400397841,0.0020201844735968258,31.7027564649048,0.0006177784821486414,0,0.7882921284455812,47,beta
3519,0.7696062669410274,0.006406397043909077,3273,randomize,4.345552713839159,0.0027553714390589797,35.15771526001705,0.0006176169291982886,0,0.8508098891730606,21,beta
3519,0.8170964004945125,0.02388614799068397,9194,randomize,4.346121057118499,0.00146559278333781,29.775504404660413,0.0006176977056734649,0,0.9093492469451548,12,beta
3519,0.7281406893392056,0.011739994674881522,5414,randomize,4.345552713839159,0.0025139144020855917,37.94600738846263,0.0006176169291982886,0,0.8837737993748224,15,beta
3519,0.9578698344761007,0.015047527228035408,5233,randomize,4.346689400397841,0.0008594512430829563,23.52031827223643,0.0006177784821486414,0,0.9343563512361467,16,beta
3519,0.785575020080037,0.010513007959926313,4890,randomize,4.345552713839159,0.0026919676949143725,33.210002841716395,0.0006176169291982886,0,0.887468030690537,15,beta
3519,0.32957965065720174,0.02232506196157714,9955,randomize,4.346689400397841,0.043365441223692104,117.62603012219381,0.0006177784821486414,0,0.7334470019892014,12,beta
3519,0.21802833141896705,0.010998961783661849,4252,randomize,4.346689400397841,0.0705131287456485,148.88434214265416,0.0006177784821486414,0,0.6399545325376528,16,beta
3519,0.8112340349251657,0.0012998428154673346,474,randomize,4.346121057118499,0.0014787693433407092,31.088945723216824,0.0006176977056734649,0,0.5569764137539074,229,beta
3519,0.5298171827386743,0.008525717378050225,190,randomize,4.346689400397841,0.01151043571391525,67.54077863029269,0.0006177784821486414,0,0.6283034953111679,91,beta
3519,0.6078045358937373,0.0195294885152789,8060,randomize,4.346121057118499,0.008900528223734213,55.01676612674055,0.0006176977056734649,0,0.8479681727763569,13,beta
3519,0.8515669440101843,0.0022018123170114154,2626,randomize,4.346689400397841,0.001734887297514151,28.146064222790564,0.0006177784821486414,0,0.8135834043762432,65,beta
3519,0.7780876183624172,0.020581938826930858,1591,randomize,4.346689400397841,0.001801108675703591,33.58056265984655,0.0006177784821486414,0,0.8888888888888888,23,beta
3519,0.23979322945994175,0.013026825648292356,1317,randomize,4.346689400397841,0.06894876321857747,137.99374822392724,0.0006177784821486414,0,0.5970446149474282,31,beta
3519,0.932401546747286,0.01620656339785384,4243,randomize,4.346689400397841,0.0008551604327363638,24.120488775220235,0.0006177784821486414,0,0.9303779482807616,16,beta
3519,0.35821601517812474,0.02135274769489059,1397,randomize,4.346121057118499,0.03982325189822734,102.63142938334754,0.0006176977056734649,0,0.7365728900255755,31,beta
3519,0.5551492525090793,0.005841232076651341,2305,randomize,4.346121057118499,0.010973665641943665,63.17703893151464,0.0006176977056734649,0,0.7476555839727195,31,beta
3519,0.26778974717164106,0.015922183490196407,6109,randomize,4.346689400397841,0.05731074792780188,134.52514919011082,0.0006177784821486414,0,0.684285308326229,15,beta
3519,0.42013605227073403,0.016356019166851192,9634,randomize,4.346689400397841,0.0261676043082442,90.77124183006536,0.0006177784821486414,0,0.7780619494174481,11,beta
3519,0.18908181478876296,0.005154783998260446,9269,randomize,4.346689400397841,0.06489651118259639,159.24126172208014,0.0006177784821486414,0,0.573174197215118,13,beta
3519,0.2638931958240547,0.005194938371948845,2126,randomize,4.346689400397841,0.055363427093769464,132.80079568059108,0.0006177784821486414,0,0.48081841432225064,27,beta
3519,0.6515769617613246,0.013018899608633984,3772,randomize,4.346689400397841,0.0069143929735484555,47.81131003125888,0.0006177784821486414,0,0.8570616652458085,17,beta
3519,0.6987790591563152,0.009971976813587389,4814,randomize,4.345552713839159,0.004490068435405512,42.011366865586815,0.0006176169291982886,0,0.8618925831202046,15,beta
3519,0.28813180186973963,0.01566433149122323,9205,randomize,4.346121057118499,0.04876103583309312,125.52315998863314,0.0006176977056734649,0,0.7101449275362319,13,beta
3519,0.8853722776161052,0.0038547151358727175,7712,randomize,4.346689400397841,0.0008554497015880089,25.532253481102586,0.0006177784821486414,0,0.8934356351236147,17,beta
3519,0.27130830077428747,0.007683042404247128,9620,randomize,4.346121057118499,0.050121129018517015,132.64506962205172,0.0006176977056734649,0,0.6723500994600738,12,beta
3519,0.5045318933240369,0.001662690201673379,2494,randomize,4.345552713839159,0.016565054551674164,71.09121909633419,0.0006176169291982886,0,0.5021312872975278,67,beta
3519,0.6890559745433716,0.019808859629756686,846,randomize,4.346121057118499,0.0038971308094925077,41.57601591361182,0.0006176977056734649,0,0.8547882921284455,34,beta
3519,0.809317460129226,0.005698034008444444,1400,randomize,4.346121057118499,0.0009345793400972776,31.206024438761013,0.0006176977056734649,0,0.8385905086672351,42,beta
3519,0.7330379877117571,0.0014352729620033457,2855,randomize,4.346689400397841,0.003258711624816384,38.107985223074735,0.0006177784821486414,0,0.6541631145211708,59,beta
3519,0.17014969869543106,0.006441134046295929,7450,randomize,4.346121057118499,0.0918752151963284,168.87127024722932,0.0006176977056734649,0,0.5586814435919295,15,beta
3519,0.04683749410254456,0.0016800820120025676,6506,randomize,4.346689400397841,0.149547587874139,208.95595339585108,0.0006177784821486414,0,0.257459505541347,13,beta
3519,0.4333881557267274,0.015265874077865522,3558,randomize,4.346689400397841,0.021091761829012047,89.35038363171356,0.0006177784821486414,0,0.7709576584256891,18,beta
3519,0.02921445201534334,0.01224108682043365,4880,randomize,4.346121057118499,0.1603178344569934,216.2148337595908,0.0006176977056734649,0,0.5333901676612675,17,beta
3519,0.7298479129040037,0.016572973410014197,4555,randomize,4.346121057118499,0.0027374675237897134,36.626882637112814,0.0006176977056734649,0,0.8840579710144928,16,beta
